Lider	nc	B-JOB
Comercial	adj	I-JOB

Importante	adj	O
Compañía	nc	O
Industrial	adj	O
dedicada	vmp	O
a	sp	O
la	det	O
producción	nc	O
,	fc	O
solicita	vmi	O
para	sp	O
su	det	O
equipo	nc	O
de	sp	O
trabajo	nc	O
Lider	nc	B-JOB
-	fg	I-JOB
Director	nc	I-JOB
Comercial	adj	I-JOB
de	sp	O
alto	adj	O
nivel	nc	O
profesional	adj	O
en	sp	O
Ingeniería	np	B-CARR
Industrial	np	I-CARR
,	fc	O
Administrador	np	B-CARR
de	sp	I-CARR
empresas	np	I-CARR
o	cc	O
áreas	nc	B-CARR
relacionadas	adj	I-CARR
con	sp	O
experiencia	nc	O
superior	adj	O
a	sp	O
2	z	O
años	nc	O
como	cs	O
Jefe	nc	B-JOB
O	cc	I-JOB
Gerente	nc	I-JOB
Comercial	adj	I-JOB
,	fc	O
experiencia	nc	O
en	sp	O
licitaciones	nc	B-FUN
en	sp	I-FUN
el	det	I-FUN
sector	nc	I-FUN
público	adj	I-FUN
y	cc	O
ventas	nc	B-FUN
en	sp	I-FUN
el	det	I-FUN
sector	nc	I-FUN
privado	adj	I-FUN
.	fp	O

Funciones	nc	O
:	fd	O

Participar	vmn	B-FUN
y	cc	I-FUN
asesorar	vmn	I-FUN
a	sp	I-FUN
los	det	I-FUN
ejecutivos	nc	I-FUN
de	sp	I-FUN
ventas	nc	I-FUN
en	sp	I-FUN
el	det	I-FUN
tema	nc	I-FUN
de	sp	I-FUN
licitaciones	nc	I-FUN
.	fp	O

Incrementar	vmn	B-FUN
las	det	I-FUN
ventas	nc	I-FUN
del	sp	I-FUN
sector	nc	I-FUN
Privado	adj	I-FUN
,	fc	O
desarrollar	vmn	B-FUN
informes	nc	I-FUN
e	cc	I-FUN
indicadores	nc	I-FUN
de	sp	I-FUN
gestión	nc	I-FUN
.	fp	O

Presentar	vmn	B-FUN
planes	nc	I-FUN
de	sp	I-FUN
ventas	nc	I-FUN
acordes	adj	I-FUN
a	sp	I-FUN
las	det	I-FUN
necesidades	nc	I-FUN
de	sp	I-FUN
la	det	I-FUN
compañía	nc	I-FUN
.	fp	O

Planear	vmn	B-FUN
,	fc	I-FUN
administrar	vmn	I-FUN
,	fc	I-FUN
dirigir	vmn	I-FUN
y	cc	I-FUN
controlar	vmn	I-FUN
todos	det	I-FUN
los	det	I-FUN
procesos	nc	I-FUN
operativos	adj	I-FUN
necesarios	adj	I-FUN
para	sp	I-FUN
el	det	I-FUN
cumplimiento	nc	I-FUN
de	sp	I-FUN
las	det	I-FUN
metas	nc	I-FUN
comerciales	adj	I-FUN
establecidas	adj	I-FUN
por	sp	I-FUN
la	det	I-FUN
compañía	nc	I-FUN
.	fp	O

Participar	vmn	B-FUN
en	sp	I-FUN
la	det	I-FUN
definición	nc	I-FUN
de	sp	I-FUN
los	det	I-FUN
planes	nc	I-FUN
y	cc	I-FUN
presupuestos	nc	I-FUN
de	sp	I-FUN
mercadeo	nc	I-FUN
y	cc	I-FUN
ventas	nc	I-FUN
.	fp	O

Desarrollar	vmn	B-FUN
planes	nc	I-FUN
detallados	adj	I-FUN
de	sp	I-FUN
venta	nc	I-FUN
a	sp	I-FUN
nivel	nc	I-FUN
de	sp	I-FUN
cada	det	I-FUN
uno	pron	I-FUN
de	sp	I-FUN
los	det	I-FUN
canales	nc	I-FUN
habilitados	adj	I-FUN
por	sp	I-FUN
la	det	I-FUN
empresa	nc	I-FUN
.	fp	O

Supervisar	vmn	B-FUN
en	sp	I-FUN
el	det	I-FUN
día	nc	I-FUN
a	sp	I-FUN
día	nc	I-FUN
las	det	I-FUN
labores	nc	I-FUN
de	sp	I-FUN
los	det	I-FUN
asesores	nc	I-FUN
comerciales	adj	I-FUN
.	fp	O

Brindar	vmn	B-FUN
guías	nc	I-FUN
para	sp	I-FUN
desarrollar	vmn	I-FUN
la	det	I-FUN
gestión	nc	I-FUN
comercial	adj	I-FUN
a	sp	I-FUN
las	det	I-FUN
áreas	nc	I-FUN
que	pron	I-FUN
administran	vmi	I-FUN
directamente	rg	I-FUN
canales	nc	I-FUN
de	sp	I-FUN
venta	nc	I-FUN
.	fp	O

Definir	vmn	B-FUN
las	det	I-FUN
acciones	nc	I-FUN
individuales	adj	I-FUN
que	pron	I-FUN
deben	vmi	I-FUN
ser	vsn	I-FUN
implementadas	vmp	I-FUN
para	sp	I-FUN
lograr	vmn	I-FUN
el	det	I-FUN
cumplimiento	nc	I-FUN
de	sp	I-FUN
los	det	I-FUN
presupuestos	nc	I-FUN
a	sp	I-FUN
nivel	nc	I-FUN
de	sp	I-FUN
los	det	I-FUN
asesores	nc	I-FUN
comerciales	adj	I-FUN
(	fpa	I-FUN
ej	nc	I-FUN
.	fp	I-FUN
Capacitaciones	nc	I-FUN
,	fc	I-FUN
entrenamientos	nc	I-FUN
,	fc	I-FUN
etc	fs	I-FUN
.	fp	I-FUN
)	fpt	I-FUN
.	fp	O

Proponer	vmn	B-FUN
y	cc	I-FUN
participar	vmn	I-FUN
en	sp	I-FUN
el	det	I-FUN
desarrollo	nc	I-FUN
de	sp	I-FUN
las	det	I-FUN
estrategias	nc	I-FUN
requeridas	adj	I-FUN
para	sp	I-FUN
fortalecer	vmn	I-FUN
los	det	I-FUN
distintos	adj	I-FUN
canales	nc	I-FUN
de	sp	I-FUN
venta	nc	I-FUN
habilitados	adj	I-FUN
(	fpa	I-FUN
ej	nc	I-FUN
.	fp	I-FUN
Desarrollo	nc	I-FUN
de	sp	I-FUN
herramientas	nc	I-FUN
)	fpt	I-FUN
.	fp	O

Coordinar	vmn	B-FUN
la	det	I-FUN
resolución	nc	I-FUN
de	sp	I-FUN
problemas	nc	I-FUN
operativos	adj	I-FUN
que	pron	I-FUN
afecten	vms	I-FUN
el	det	I-FUN
flujo	nc	I-FUN
comercial	adj	I-FUN
.	fp	O

Liderar	vmn	B-FUN
actividades	nc	I-FUN
y	cc	I-FUN
reuniones	nc	I-FUN
de	sp	I-FUN
seguimiento	nc	I-FUN
comercial	adj	I-FUN
con	sp	I-FUN
base	nc	I-FUN
semanal	adj	I-FUN
para	sp	I-FUN
todos	det	I-FUN
canales	nc	I-FUN
de	sp	I-FUN
venta	nc	I-FUN
habilitados	adj	I-FUN
.	fp	O

Medir	vmn	B-FUN
y	cc	I-FUN
evaluar	vmn	I-FUN
la	det	I-FUN
gestión	nc	I-FUN
y	cc	I-FUN
desempeño	nc	I-FUN
de	sp	I-FUN
la	det	I-FUN
fuerza	nc	I-FUN
de	sp	I-FUN
ventas	nc	I-FUN
con	sp	I-FUN
el	det	I-FUN
fin	nc	I-FUN
de	sp	I-FUN
establecer	vmn	I-FUN
estrategias	nc	I-FUN
o	cc	I-FUN
puntos	nc	I-FUN
de	sp	I-FUN
mejora	nc	I-FUN
que	pron	I-FUN
permitan	vms	I-FUN
alcanzar	vmn	I-FUN
los	det	I-FUN
presupuestos	nc	I-FUN
definidos	adj	I-FUN
.	fp	O

Participar	vmn	B-FUN
en	sp	I-FUN
la	det	I-FUN
definición	nc	I-FUN
y	cc	I-FUN
mantenimiento	nc	I-FUN
de	sp	I-FUN
los	det	I-FUN
sistemas	nc	I-FUN
de	sp	I-FUN
remuneración	nc	I-FUN
de	sp	I-FUN
la	det	I-FUN
fuerza	nc	I-FUN
de	sp	I-FUN
ventas	nc	I-FUN
.	fp	O

Perfil	nc	O
:	fd	O

Formación	nc	O
académica	adj	O
:	fd	O
profesional	nc	O
en	sp	O
Administración	np	B-CARR
de	sp	I-CARR
empresas	np	I-CARR
,	fc	O
Ingeniería	np	B-CARR
Industria	np	I-CARR
,	fc	O
mercadeo	np	B-CARR
o	cc	O
carreras	nc	B-CARR
afines	adj	I-CARR

Experiencia	nc	O
:	fd	O
5	z	O
años	nc	O
de	sp	O
experiencia	nc	O
en	sp	O
el	det	O
sector	nc	O
de	sp	O
venta	nc	B-AREA
de	sp	O
rubro	nc	O
Ferretero	adj	O
e	cc	O
industria	nc	O
en	sp	O
general	adj	O
.	fp	O

Habilidades	nc	O
:	fd	O
Capacidad	nc	O
de	sp	O
análisis	nc	B-REQ
,	fc	O
resolución	nc	B-REQ
de	sp	I-REQ
problemas	nc	I-REQ
y	cc	O
negociación	nc	B-REQ
,	fc	O
excelentes	adj	O
relaciones	nc	B-REQ
interpersonales	adj	I-REQ
,	fc	O
conducción	nc	B-REQ
de	sp	I-REQ
equipos	nc	I-REQ
de	sp	I-REQ
trabajo	nc	I-REQ
,	fc	O
orientación	nc	B-REQ
al	sp	I-REQ
servicio	nc	I-REQ
al	sp	I-REQ
cliente	nc	I-REQ
y	cc	O
técnica	nc	B-REQ
de	sp	I-REQ
ventas	nc	I-REQ
,	fc	O
proactivo	adj	B-REQ
,	fc	O
diseño	nc	B-REQ
de	sp	I-REQ
nuevas	adj	I-REQ
técnicas	nc	I-REQ
de	sp	I-REQ
ventas	nc	I-REQ
.	fp	O

