JEFE	ncms	B-JOB
DE	sp	O
SEGURIDAD	ncfs	B-AREA
MA	np00	I-AREA
Y	cc	I-AREA
SALUD	ncfs	I-AREA
.	fp	O

*	fz	O
Asesorar	vmn	B-FUN
a	sp	I-FUN
la	da0fs	I-FUN
Gerencia	ncfs	I-FUN
en	sp	I-FUN
Temas	ncmp	I-FUN
relacionados	aqmp	I-FUN
con	sp	I-FUN
SYSO	np00	I-FUN
y	cc	I-FUN
MA	np00	I-FUN
.	fp	O

*	fz	O
Desarrollar	vmn	B-FUN
y	cc	I-FUN
diseñar	vmn	I-FUN
procedimientos	ncmp	I-FUN
,	fc	I-FUN
políticas	ncfp	I-FUN
y	cc	I-FUN
estándares	ncmp	I-FUN
de	sp	I-FUN
SYSO	np00	I-FUN
y	cc	I-FUN
MA	np00	I-FUN
aplicables	aqcp	I-FUN
a	sp	I-FUN
la	da0fs	I-FUN
empresa	ncfs	I-FUN
.	fp	O

*	fz	O
Auditar	vmn	B-FUN
a	sp	I-FUN
todos	di0mp	I-FUN
los	da0mp	I-FUN
departamentos	ncmp	I-FUN
de	sp	I-FUN
la	da0fs	I-FUN
empresa	ncfs	I-FUN
en	sp	I-FUN
cuanto	rg	I-FUN
se	p0000	I-FUN
refiere	vmi	I-FUN
al	sp	I-FUN
seguimiento	ncms	I-FUN
adecuado	aqms	I-FUN
de	sp	I-FUN
los	da0mp	I-FUN
estándares	ncmp	I-FUN
SYSO	aqmp	I-FUN
y	cc	I-FUN
MA	np00	I-FUN
.	fp	O

*	fz	O
Gestionar	vmn	B-FUN
contratos	ncmp	I-FUN
con	sp	I-FUN
proveedores	ncmp	I-FUN
externos	aqmp	I-FUN
para	sp	I-FUN
servicios	ncmp	I-FUN
de	sp	I-FUN
SYSO	np00	I-FUN
y	cc	I-FUN
MA	np00	I-FUN
.	fp	O

*	fz	O
Dirigir	vmn	B-FUN
,	fc	I-FUN
controlar	vmn	I-FUN
y	cc	I-FUN
asesorar	vmn	I-FUN
las	da0fp	I-FUN
actividades	ncfp	I-FUN
de	sp	I-FUN
los	da0mp	I-FUN
departamentos	ncmp	I-FUN
SMS	aqmp	I-FUN
de	sp	I-FUN
cada	di0cs	I-FUN
proyecto	ncms	I-FUN
.	fp	O

*	fz	O
Analizar	vmn	B-FUN
las	da0fp	I-FUN
necesidades	ncfp	I-FUN
SMS	aqfp	I-FUN
en	sp	I-FUN
la	da0fs	I-FUN
empresa	ncfs	I-FUN
derivadas	vmp	I-FUN
de	sp	I-FUN
los	da0mp	I-FUN
requisitos	ncmp	I-FUN
externos	aqmp	I-FUN
de	sp	I-FUN
clientes	nccp	I-FUN
,	fc	I-FUN
gubernamentales	aqcp	I-FUN
,	fc	I-FUN
internas	aqfp	I-FUN
y	cc	I-FUN
externas	aqfp	I-FUN
.	fp	O

Administrar	vmn	B-FUN
,	fc	I-FUN
asesorar	vmn	I-FUN
y	cc	I-FUN
mantener	vmn	I-FUN
los	da0mp	I-FUN
sistemas	ncmp	I-FUN
de	sp	I-FUN
Gestión	ncfs	I-FUN
de	sp	I-FUN
Seguridad	ncfs	I-FUN
y	cc	I-FUN
Salud	ncfs	I-FUN
Ocupacional	aqcs	I-FUN
SYSO	np00	I-FUN
y	cc	I-FUN
Medio	ncms	I-FUN
Ambiente	ncms	I-FUN
MA	np00	I-FUN
,	fc	O
garantizando	vmg	B-FUN
el	da0ms	I-FUN
desarrollo	ncms	I-FUN
y	cc	I-FUN
control	ncms	I-FUN
de	sp	I-FUN
procesos	ncmp	I-FUN
y	cc	I-FUN
operaciones	ncfp	I-FUN
a	sp	O
través	sp	O
de	sp	O
procedimientos	ncmp	B-FUN
,	fc	I-FUN
auditorías	ncfp	I-FUN
y	cc	I-FUN
otras	di0fp	I-FUN
herramientas	ncfp	I-FUN
de	sp	I-FUN
gestión	ncfs	I-FUN
a	sp	I-FUN
los	da0mp	I-FUN
proyectos	ncmp	I-FUN
y	cc	I-FUN
demás	di0cp	I-FUN
áreas	ncfp	I-FUN
de	sp	I-FUN
la	da0fs	I-FUN
empresa	ncfs	I-FUN
.	fp	O

Universitario	ncms	O
Titulado	aqms	B-REQ
en	sp	O
Ingeniería	np00	B-CARR
Industrial	np00	I-CARR
.	fp	O

Universitario	ncms	O
Titulado	aqms	B-REQ
en	sp	O
Ingeniería	np00	B-CARR
Civil	np00	I-CARR
.	fp	O

Universitario	ncms	O
Titulado	aqms	B-REQ
en	sp	O
Ingeniería	np00	B-CARR
Petroquímica	np00	I-CARR
.	fp	O

Otros	pi0mp	O
Estudios	ncmp	O
:	fd	O
Curso	ncms	O
en	sp	O
Norma	ncfs	B-REQ
ISO	np00	I-REQ
14001	z	I-REQ
y	cc	O
Norma	ncfs	B-REQ
18001	z	I-REQ
.	fp	O

Otros	pi0mp	O
Estudios	ncmp	O
:	fd	O
Conocimiento	ncms	O
de	sp	O
la	da0fs	O
Legislación	ncfs	B-REQ
boliviana	aqfs	I-REQ
en	sp	I-REQ
Seguridad	ncfs	I-REQ
y	cc	I-REQ
Medio	ncms	I-REQ
Ambiente	ncms	I-REQ
.	fp	O

Experiencia	ncfs	O
:	fd	O

en	sp	O
el	da0ms	O
área	ncfs	O
de	sp	O
Ingeniería	ncfs	B-AREA
con	sp	O
5	z	O
años	ncmp	O
de	sp	O
experiencia	ncfs	O
.	fp	O

Idioma	ncms	O

Inglés	np00	B-REQ
a	sp	O
nivel	ncms	O
avanzado	aqms	O

Manejo	ncms	O
de	sp	O
programas	ncmp	O
:	fd	O

Microsoft	np00	B-REQ
Excel	np00	I-REQ
a	sp	O
nivel	ncms	O
avanzado	aqms	O
.	fp	O

