Jefe	ncms	B-JOB
de	sp	O
SSOMA	np00	B-AREA
-	fg	O
Carretera	ncfs	B-AREA
.	fp	O

Constructora	np00	B-ORG
Malaga	np00	I-ORG
,	fc	O
importante	aqcs	O
empresa	ncfs	O
certificada	vmp	O
del	sp	O
sector	ncms	O
construcción	ncfs	O
con	sp	O
más	rg	O
de	sp	O
33	z	O
años	ncmp	O
de	sp	O
trayectoria	ncfs	O
,	fc	O
con	sp	O
operaciones	ncfp	O
a	sp	O
nivel	ncms	O
nacional	aqcs	O
manejando	vmg	O
proyectos	ncmp	O
de	sp	O
envergadura	ncfs	O
,	fc	O
brindando	vmg	O
servicios	ncmp	O
de	sp	O
ingeniería	ncfs	O
y	cc	O
construcción	ncfs	O
de	sp	O
carreteras	ncfp	O
,	fc	O
edificaciones	ncfp	O
públicas	aqfp	O
y	cc	O
privadas	aqfp	O
,	fc	O
infraestructura	ncfs	O
vial	aqcs	O
,	fc	O
saneamiento	ncms	O
,	fc	O
aeropuertos	ncmp	O
,	fc	O
minería	ncfs	O
,	fc	O
e	cc	O
infraestructura	ncfs	O
de	sp	O
Riego	np00	O
,	fc	O
requiere	vmi	O
convocar	vmn	O
a	sp	O
un	di0ms	O

En	sp	O
la	da0fs	O
actualidad	ncfs	O
estamos	vmi	O
en	sp	O
búsqueda	ncfs	O
de	sp	O
:	fd	O
JEFE	ncms	B-JOB
DE	sp	O
SOMA	np00	B-AREA
-	fg	O
Carreteras	ncfp	B-AREA
.	fp	O

Requisitos	ncmp	O
:	fd	O

*	fz	O
Colegiado	aqms	B-REQ
en	sp	O
Ing	np00	B-CARR
.	fp	I-CARR
Industrial	np00	I-CARR
,	fc	O
Ing	np00	B-CARR
.	fp	I-CARR
Ambiental	np00	I-CARR
,	fc	O
Ing	np00	B-CARR
.	fp	I-CARR
Sanitaria	np00	I-CARR
o	cc	O
afines	aqcp	B-CARR
.	fp	O

*	fz	O
Indispensable	aqcs	O
tener	vmn	O
04	z	O
años	ncmp	O
de	sp	O
experiencia	ncfs	O
como	cs	O
Jefe	ncms	B-JOB
de	sp	O
Seguridad	ncfs	B-AREA
,	fc	I-AREA
Salud	ncfs	I-AREA
Ocupacional	aqcs	I-AREA
y	cc	I-AREA
Medio	ncms	I-AREA
Ambiente	ncms	I-AREA
en	sp	O
obras	ncfp	B-AREA
de	sp	I-AREA
CARRETERAS	ncfp	I-AREA
.	fp	O

*	fz	O
Indispensable	aqcs	O
conocimiento	ncms	O
en	sp	O
OHSAS	np00	B-REQ
18001	z	I-REQ
-	fg	I-REQ
2007	z	I-REQ
y	cc	O
de	sp	O
ISO	np00	B-REQ
14001	z	I-REQ
-	fg	I-REQ
2014	z	I-REQ
(	fpa	O
diplomados	ncmp	B-REQ
o	cc	O
cursos	ncmp	O
)	fpt	O
.	fp	O

*	fz	O
Conocimiento	ncms	O
en	sp	O
la	da0fs	O
elaboración	ncfs	O
de	sp	O
matrices	ncfp	B-REQ
IPER	np00	I-REQ
e	cc	I-REQ
IAAS	np00	I-REQ
,	fc	O
manejo	ncms	O
de	sp	O
G050	np00	B-REQ

Funciones	ncfp	O
:	fd	O

*	fz	O
Supervisión	ncfs	B-FUN
y	cc	I-FUN
divulgación	ncfs	I-FUN
de	sp	I-FUN
procedimientos	ncmp	I-FUN
estándares	aqcp	I-FUN
de	sp	I-FUN
trabajo	ncms	I-FUN
seguro	aqms	I-FUN
PETS	np00	I-FUN
.	fp	O

*	fz	O
Aplicación	ncfs	B-FUN
de	sp	I-FUN
normas	ncfp	I-FUN
de	sp	I-FUN
seguridad	ncfs	I-FUN
y	cc	I-FUN
salud	ncfs	I-FUN
ocupacional	aqcs	I-FUN
en	sp	I-FUN
obra	ncfs	I-FUN
.	fp	O

*	fz	O
Elaboración	ncfs	B-FUN
y	cc	I-FUN
ejecución	ncfs	I-FUN
de	sp	I-FUN
programas	ncmp	I-FUN
de	sp	I-FUN
seguridad	ncfs	I-FUN
y	cc	I-FUN
salud	ncfs	I-FUN
ocupacional	aqcs	I-FUN
.	fp	O

*	fz	O
Implementación	ncfs	B-FUN
de	sp	I-FUN
sistema	ncms	I-FUN
de	sp	I-FUN
seguridad	ncfs	I-FUN
y	cc	I-FUN
salud	ncfs	I-FUN
ocupacional	aqcs	I-FUN
.	fp	O

Competencias	ncfp	O
:	fd	O

*	fz	O
Liderazgo	ncms	B-REQ

*	fz	O
Trabajo	ncms	B-REQ
en	sp	I-REQ
equipo	ncms	I-REQ

Beneficios	ncmp	O
.	fp	O

*	fz	O
Planilla	ncfs	B-BEN
desde	sp	O
el	da0ms	O
primer	aoms	O
día	ncms	O
.	fp	O

*	fz	O
Se	p0000	O
les	pp3cp	O
brindará	vmi	O
viáticos	ncmp	B-BEN
(	fpa	O
alimentación	ncfs	B-BEN
,	fc	O
estadía	ncfs	B-BEN
,	fc	O
pasajes	ncmp	B-BEN
)	fpt	O

*	fz	O
Capacitaciones	ncfs	B-BEN
constantes	aqcp	I-BEN
.	fp	O

*	fz	O
Oportunidad	ncfs	O
de	sp	O
línea	ncfs	B-BEN
de	sp	I-BEN
carrera	ncfs	I-BEN
.	fp	O

*	fz	O
Sueldo	ncms	O
superior	aqcs	B-SAL
al	sp	I-SAL
promedio	ncms	I-SAL
según	sp	O
calificación	ncfs	O
.	fp	O

Los	da0mp	O
interesados	aqmp	O
enviar	vmn	O
su	dp3cs	O
CV	np00	O
a	sp	O
:	fd	O
oportunidades	np00	B-MISC
@	fz	I-MISC
c	fz	I-MISC
-	fg	I-MISC
malaga	np00	I-MISC
.	fp	I-MISC
com	np00	I-MISC
y	cc	O
colocar	vmn	O
como	cs	O
tenor	ncms	O
:	fd	O
J	np00	O
-	fg	O
SSOMA	np00	B-AREA
-	fg	O
CARRETERA	ncfs	B-AREA

